<application>
  <component name="authManager">
    <option name="ssoProfiles">
      <list>
        <ManagedSsoProfile>
          <option name="scopes">
            <list>
              <option value="codewhisperer:completions" />
              <option value="codewhisperer:analysis" />
              <option value="codecatalyst:read_write" />
            </list>
          </option>
          <option name="ssoRegion" value="us-east-1" />
          <option name="startUrl" value="https://view.awsapps.com/start" />
        </ManagedSsoProfile>
      </list>
    </option>
  </component>
  <component name="aws">
    <option name="profilesNotification" value="Always" />
    <option name="promptedForTelemetry" value="true" />
    <option name="telemetryEnabled" value="false" />
    <option name="useDefaultCredentialRegion" value="Prompt" />
  </component>
  <component name="codewhispererAutotriggerStates">
    <option name="classifierGroup" value="false" />
  </component>
  <component name="executables">
    <option name="value">
      <list>
        <ExecutableState>
          <option name="autoResolved" value="true" />
          <option name="executablePath" value="/opt/homebrew/bin/sam" />
          <option name="id" value="samCli" />
          <option name="lastKnownFileTime" value="1684316290114" />
        </ExecutableState>
      </list>
    </option>
  </component>
  <component name="updateLambdaState">
    <option name="configs">
      <map>
        <entry key="arn:aws:lambda:eu-central-1:469283624338:function:GetGameRecord">
          <value>
            <UpdateConfig>
              <option name="bucketName" value="pioter-lambdas" />
            </UpdateConfig>
          </value>
        </entry>
        <entry key="arn:aws:lambda:eu-central-1:469283624338:function:GetGamesLogHandler">
          <value>
            <UpdateConfig>
              <option name="bucketName" value="pioter-lambdas" />
            </UpdateConfig>
          </value>
        </entry>
        <entry key="arn:aws:lambda:eu-central-1:469283624338:function:PutGamesLogHandler">
          <value>
            <UpdateConfig>
              <option name="bucketName" value="pioter-lambdas" />
            </UpdateConfig>
          </value>
        </entry>
        <entry key="arn:aws:lambda:eu-central-1:469283624338:function:check-me">
          <value>
            <UpdateConfig>
              <option name="bucketName" value="pioter-lambdas" />
            </UpdateConfig>
          </value>
        </entry>
        <entry key="arn:aws:lambda:eu-central-1:469283624338:function:person-request-handler">
          <value>
            <UpdateConfig>
              <option name="bucketName" value="pioter-lambdas" />
            </UpdateConfig>
          </value>
        </entry>
        <entry key="arn:aws:lambda:eu-central-1:469283624338:function:sheets-from-chatgpt">
          <value>
            <UpdateConfig>
              <option name="bucketName" value="pioter-lambdas" />
            </UpdateConfig>
          </value>
        </entry>
        <entry key="arn:aws:lambda:eu-central-1:469283624338:function:test">
          <value>
            <UpdateConfig>
              <option name="bucketName" value="pioter-lambdas" />
            </UpdateConfig>
          </value>
        </entry>
      </map>
    </option>
  </component>
</application>