<application>
  <component name="FindSettings">
    <option name="customScope" value="All Places" />
    <option name="defaultScopeName" value="All Places" />
    <option name="SEARCH_SCOPE" value="All Places" />
    <mask>*.css</mask>
    <mask>*.html</mask>
    <mask>*.xml</mask>
    <mask>*.jsp</mask>
    <mask>*.properties</mask>
    <mask>*.java</mask>
    <mask>*.groovy,*.kt,*.yml</mask>
    <mask>!*.xml</mask>
    <mask>*.groovy</mask>
    <mask>*.tsx</mask>
    <mask>*.yml</mask>
    <mask>*.kt</mask>
  </component>
</application>