<application>
  <component name="ParameterNameHintsSettings">
    <blacklists>
      <blacklist language="Groovy">
        <added pattern="pl.allegro.logistics.delivery.brokerbilling.domain.pricing.PricingClient.getSellerPrice(request)" />
      </blacklist>
    </blacklists>
    <option id="java.multiple.params.same.type" value="true" />
    <option id="java.simple.sequentially.numbered" value="true" />
    <option id="java.clear.expression.type" value="true" />
    <option id="java.method.name.contains.parameter.name" value="true" />
  </component>
</application>